{"cameraMode":{"drawMode":0,"name":"Shaded","section":"Shading Mode"},"sceneLighting":true,"audioPlay":false,"sceneViewState":{"showFog":false,"showMaterialUpdate":false,"showSkybox":false,"showFlares":false,"showImageEffects":false,"showParticleSystems":true},"in2DMode":false,"pivot":{"x":32.302146911621097,"y":6.549498558044434,"z":2.7143540382385256},"rotation":{"x":0.1478307992219925,"y":-0.6727340817451477,"z":0.1398037075996399,"w":0.711357831954956},"size":12.587667465209961,"orthographic":true}