{"cameraMode":{"drawMode":0,"name":"Shaded","section":"Shading Mode"},"sceneLighting":false,"audioPlay":false,"sceneViewState":{"showFog":false,"showMaterialUpdate":false,"showSkybox":false,"showFlares":false,"showImageEffects":false,"showParticleSystems":true},"in2DMode":false,"pivot":{"x":3.205831289291382,"y":2.120737075805664,"z":1.081592082977295},"rotation":{"x":-0.2319725602865219,"y":0.21726053953170777,"z":-0.05323858931660652,"w":-0.9466531872749329},"size":40000.0,"orthographic":false}